"unitid","institution name","year","DRVIC2013.Tuition and fees, 2013-14","DRVIC2013.Total price for in-state students living on campus 2013-14","DRVIC2013.Total price for out-of-state students living on campus 2013-14"
"102553","University of Alaska Anchorage","2013","5147","18620","28679"
"102580","Alaska Bible College","2013","9200","15900","15900"
"102614","University of Alaska Fairbanks","2013","4984","16484","27060"
"102632","University of Alaska Southeast","2013","5693","18657","29233"
"102669","Alaska Pacific University","2013","29810","43180","43180"
"102845","Charter College-Anchorage","2013","19882",,
"103529","University of Alaska System of Higher Education","2013",,,
"125231","Walden University","2013","11460",,
"126182","Adams State University","2013","7449","19691","30323"
"126562","University of Colorado Denver","2013","7933","24555","38679"
"126580","University of Colorado Colorado Springs","2013","7024","20424","31837"
"126614","University of Colorado Boulder","2013","10347","28887","50655"
"126669","Colorado Christian University","2013","25046","38130","38130"
"126678","Colorado College","2013","44222","57400","57400"
"126702","The Art Institute of Colorado","2013","17632","34351","34351"
"126711","Colorado Mountain College","2013","1524","13974","18870"
"126775","Colorado School of Mines","2013","16485","30603","46533"
"126818","Colorado State University-Fort Collins","2013","9313","23203","39056"
"126827","Colorado Technical University-Colorado Springs","2013","11300",,
"126872","College America-Denver","2013","17211",,
"126979","Denver Seminary","2013",,,
"127024","Westwood College-Denver North","2013","15204",,
"127060","University of Denver","2013","40707","56077","56077"
"127185","Fort Lewis College","2013","6923","22393","33233"
"127273","Iliff School of Theology","2013",,,
"127556","Colorado Mesa University","2013","6725","19729","29752"
"127565","Metropolitan State University of Denver","2013","5744",,
"127653","Naropa University","2013","28790","43620","43620"
"127680","National American University-Colorado Springs","2013","12531",,
"127699","National American University-Denver","2013","12531",,
"127714","Nazarene Bible College","2013","10800",,
"127741","University of Northern Colorado","2013","6968","20264","31803"
"127918","Regis University","2013","32424","46326","46326"
"127945","Rocky Mountain College of Art and Design","2013","22470",,
"127954","Montessori Education Center of the Rockies","2013",,,
"128106","Colorado State University-Pueblo","2013","7327","20938","31260"
"128300","University of Colorado System Office","2013",,,
"128328","United States Air Force Academy","2013",,,
"128391","Western State Colorado University","2013","7343","20045","29986"
"128425","Yeshiva Toras Chaim Talmudical Seminary","2013","8600","20800","20800"
"128498","Albertus Magnus College","2013","28378","47302","47302"
"128683","Lincoln College of New England-Southington","2013","19840","35020","35020"
"128744","University of Bridgeport","2013","29090","50043","50043"
"128771","Central Connecticut State University","2013","8706","23197","34702"
"128780","Charter Oak State College","2013",,,
"128902","Connecticut College","2013","46085","60780","60780"
"129020","University of Connecticut","2013","12022","27244","46192"
"129154","Goodwin College","2013","19400",,
"129215","Eastern Connecticut State University","2013","9376","24394","35899"
"129242","Fairfield University","2013","42920","58730","58730"
"129428","Rensselaer Hartford Graduate Center Inc","2013",,,
"129491","Hartford Seminary","2013",,,
"129525","University of Hartford","2013","33358","48170","48170"
"129534","Holy Apostles College and Seminary","2013","10470",,
"129686","Lyme Academy College of Fine Arts","2013","29616",,
"129774","Mitchell College","2013","29458","46750","46750"
"129941","University of New Haven","2013","33740","50210","50210"
"130110","Paier College of Art Inc","2013","12960",,
"130183","Post University","2013","20925","37105","37105"
"130226","Quinnipiac University","2013","39330","55780","55780"
"130253","Sacred Heart University","2013","35050","53569","53569"
"130314","University of Saint Joseph","2013","33417","49923","49923"
"130448","St Vincent's College","2013","19650",,
"130493","Southern Connecticut State University","2013","9020","22945","34411"
"130581","Tri-State College of Acupuncture","2013",,,
"130590","Trinity College","2013","47510","62310","62310"
"130624","United States Coast Guard Academy","2013",,,
"130697","Wesleyan University","2013","47244","62849","62849"
"130776","Western Connecticut State University","2013","8893","23426","34931"
"130785","Yale-New Haven Hospital Dietetic Internship","2013",,,
"130794","Yale University","2013","44000","61620","61620"
"141486","Chaminade University of Honolulu","2013","20090","35309","35309"
"141565","University of Hawaii at Hilo","2013","6536","17326","29086"
"141574","University of Hawaii at Manoa","2013","9904","22996","40564"
"141644","Hawaii Pacific University","2013","20180","36590","36590"
"141839","University of Hawaii Maui College","2013","2670",,
"141936","World Medicine Institute","2013",,,
"141963","University of Hawaii System Office","2013",,,
"141981","University of Hawaii-West Oahu","2013","6336",,
"142090","Boise Bible College","2013","11080","23610","23610"
"142115","Boise State University","2013","6292","20944","33544"
"142276","Idaho State University","2013","6344","21068","33400"
"142285","University of Idaho","2013","6524","19598","32674"
"142294","The College of Idaho","2013","24055","35456","35456"
"142328","Lewis-Clark State College","2013","5786","17426","27736"
"142337","ITT Technical Institute-Boise","2013","18048",,
"142461","Northwest Nazarene University","2013","26550","36550","36550"
"142522","Brigham Young University-Idaho","2013","3850","11398","11398"
"152798","Allen College","2013","18829","32245","32245"
"152822","AIB College of Business","2013","14913","23523","23523"
"152992","Briar Cliff University","2013","26650","38726","38726"
"153001","Buena Vista University","2013","29448","40589","40589"
"153108","Central College","2013","30700","45151","45151"
"153126","Clarke University","2013","28000","40800","40800"
"153144","Coe College","2013","35730","47260","47260"
"153162","Cornell College","2013","36430","48905","48905"
"153241","Divine Word College","2013","12100","18243","18243"
"153250","Dordt College","2013","26540","38800","38800"
"153269","Drake University","2013","30889","44349","44349"
"153278","University of Dubuque","2013","25520","35530","35530"
"153302","Emmaus Bible College","2013","15390","24900","24900"
"153320","Faith Baptist Bible College and Theological Seminary","2013","15546","26176","26176"
"153366","Graceland University-Lamoni","2013","23530","35380","35380"
"153375","Grand View University","2013","22628","33616","33616"
"153384","Grinnell College","2013","43656","56354","56354"
"153409","Kaplan University-Mason City Campus","2013","15352",,
"153418","Kaplan University-Cedar Rapids Campus","2013","15352",,
"153427","Hamilton Technical College","2013","11625",,
"153603","Iowa State University","2013","7726","18920","31472"
"153621","Iowa Wesleyan College","2013","25550","38738","38738"
"153658","University of Iowa","2013","8061","20691","39561"
"153825","Loras College","2013","28852","39077","39077"
"153834","Luther College","2013","37530","48435","48435"
"153861","Maharishi University of Management","2013","26430","38630","38630"
"153977","Mercy College of Health Sciences","2013","15040",,
"154004","Morningside College","2013","25990","38308","38308"
"154013","Mount Mercy University","2013","26310","39075","39075"
"154022","Ashford University","2013","10312","22575","22575"
"154095","University of Northern Iowa","2013","7685","19880","29376"
"154101","Northwestern College","2013","26764","39236","39236"
"154156","Des Moines University-Osteopathic Medical Center","2013",,,
"154174","Palmer College of Chiropractic-Davenport","2013","8388","31113","31113"
"154235","Saint Ambrose University","2013","26740","40146","40146"
"154262","St Luke's College","2013","17970",,
"154350","Simpson College","2013","30999","43350","43350"
"154493","Upper Iowa University","2013","24400","35910","35910"
"154518","Waldorf College","2013","20316","31560","31560"
"154527","Wartburg College","2013","34250","45305","45305"
"154536","Wartburg Theological Seminary","2013",,,
"154590","William Penn University","2013","23210","33706","33706"
"160940","Kaplan University-Maine Campus","2013","10710",,
"160959","College of the Atlantic","2013","38952","49890","49890"
"160968","Bangor Theological Seminary","2013",,,
"160977","Bates College","2013","45650","61000","61000"
"161004","Bowdoin College","2013","45446","59900","59900"
"161086","Colby College","2013","45760","59110","59110"
"161165","Husson University","2013","15130","26286","26286"
"161217","University of Maine at Augusta","2013","7500",,
"161226","University of Maine at Farmington","2013","9167","21425","30513"
"161235","University of Maine at Fort Kent","2013","7575","18795","28755"
"161244","University of Maine at Machias","2013","7490","18968","30848"
"161253","University of Maine","2013","10600","23712","41082"
"161280","University of Maine-System Central Office","2013",,,
"161299","Maine Maritime Academy","2013","11950","24098","34918"
"161341","University of Maine at Presque Isle","2013","7300","18276","28236"
"161457","University of New England","2013","33145","50295","50295"
"161509","Maine College of Art","2013","30990","44740","44740"
"161518","Saint Joseph's College of Maine","2013","30990","45790","45790"
"161554","University of Southern Maine","2013","8920","24062","36422"
"161563","Thomas College","2013","22770","35494","35494"
"161572","Unity College","2013","25000","35864","35864"
"161873","University of Baltimore","2013","7838",,
"162007","Bowie State University","2013","6971","20107","30674"
"162061","Capitol College","2013","22296","33460","33460"
"162210","Washington Adventist University","2013","21020","31220","31220"
"162283","Coppin State University","2013","6252","19091","24025"
"162584","Frostburg State University","2013","7728","20046","30694"
"162654","Goucher College","2013","39084","52908","52908"
"162681","Kaplan University-Hagerstown Campus","2013","13411","22019","22019"
"162760","Hood College","2013","33280","48830","48830"
"162928","Johns Hopkins University","2013","45470","61502","61502"
"163046","Loyola University Maryland","2013","43250","58578","58578"
"163204","University of Maryland-University College","2013","6552",,
"163259","University of Maryland-Baltimore","2013",,,
"163268","University of Maryland-Baltimore County","2013","10068","24762","36336"
"163286","University of Maryland-College Park","2013","9162","23734","42920"
"163295","Maryland Institute College of Art","2013","40890","55100","55100"
"163338","University of Maryland Eastern Shore","2013","6998","21454","29960"
"163453","Morgan State University","2013","7218","22269","31683"
"163462","Mount St Mary's University","2013","34644","48858","48858"
"163532","Ner Israel Rabbinical College","2013","10000","20850","20850"
"163578","Notre Dame of Maryland University","2013","32050","45650","45650"
"163842","St Mary's Seminary & University","2013",,,
"163851","Salisbury University","2013","8128","22368","30714"
"163912","St Mary's College of Maryland","2013","14864","29599","43399"
"163921","Sojourner-Douglass College","2013","9830",,
"163976","St John's College","2013","46296","58630","58630"
"164076","Towson University","2013","8342","23166","34844"
"164085","Maryland University of Integrative Health","2013",,,
"164146","University System of Maryland","2013",,,
"164155","United States Naval Academy","2013",,,
"164173","Stevenson University","2013","27082","43556","43556"
"164207","Washington Bible College-Capital Bible Seminary","2013",,,
"164216","Washington College","2013","41120","54312","54312"
"164270","McDaniel College","2013","36960","48300","48300"
"164368","Hult International Business School","2013",,,
"164438","New England College of Business and Finance","2013","9235",,
"164447","American International College","2013","30040","44900","44900"
"164465","Amherst College","2013","46574","61544","61544"
"164474","Andover Newton Theological School","2013",,,
"164492","Anna Maria College","2013","32134","48146","48146"
"164562","Assumption College","2013","34975","48521","48521"
"164580","Babson College","2013","43520","60504","60504"
"164614","Boston Baptist College","2013","14866","31371","31371"
"164632","Bay Path College","2013","29959","44559","44559"
"164641","Bay State College","2013","19748","39548","39548"
"164720","Becker College","2013","31500","47160","47160"
"164739","Bentley University","2013","41110","56930","56930"
"164748","Berklee College of Music","2013","37586","58522","58522"
"164872","Boston Architectural College","2013","27312",,
"164915","Boston Graduate School of Psychoanalysis Inc","2013",,,
"164924","Boston College","2013","45622","60706","60706"
"164933","The Boston Conservatory","2013","40900","62471","62471"
"164988","Boston University","2013","44880","61446","61446"
"165015","Brandeis University","2013","45856","61070","61070"
"165024","Bridgewater State University","2013","8053","22753","28893"
"165167","Cambridge College","2013","13392",,
"165264","Laboure College","2013","32833",,
"165334","Clark University","2013","39550","48770","48770"
"165495","Conway School of Landscape Design","2013",,,
"165529","Curry College","2013","34715","50845","50845"
"165574","Dean College","2013","33230","49990","49990"
"165644","Eastern Nazarene College","2013","27922","38522","38522"
"165662","Emerson College","2013","35730","53554","53554"
"165671","Emmanuel College","2013","34670","51363","51363"
"165699","Endicott College","2013","28926","45536","45536"
"165705","Episcopal Divinity School","2013",,,
"165802","Fisher College","2013","27575","46840","46840"
"165820","Fitchburg State University","2013","8985","20690","26770"
"165866","Framingham State University","2013","8080","22804","28884"
"165884","Benjamin Franklin Institute of Technology","2013","16950","36965","36965"
"165936","Gordon College","2013","33230","44860","44860"
"165945","Gordon-Conwell Theological Seminary","2013",,,
"166018","Hampshire College","2013","46625","60155","60155"
"166027","Harvard University","2013","42292","59950","59950"
"166045","Hebrew College","2013",,,
"166054","Hellenic College-Holy Cross Greek Orthodox School of Theology","2013","21220","38080","38080"
"166124","College of the Holy Cross","2013","44272","57832","57832"
"166391","Lasell College","2013","30000","46000","46000"
"166452","Lesley University","2013","32375","49765","49765"
"166489","Longy School of Music of Bard College","2013","33050",,
"166513","University of Massachusetts-Lowell","2013","12097","24961","39010"
"166601","Marian Court College","2013","16200",,
"166629","University of Massachusetts-Amherst","2013","13443","26282","40998"
"166638","University of Massachusetts-Boston","2013","11966",,
"166656","MCPHS University","2013","28470","46179","46179"
"166665","University of Massachusetts-Central Office","2013",,,
"166674","Massachusetts College of Art and Design","2013","10400","26500","44700"
"166683","Massachusetts Institute of Technology","2013","43498","59020","59020"
"166692","Massachusetts Maritime Academy","2013","7127","22073","36979"
"166708","University of Massachusetts Medical School Worcester","2013",,,
"166717","Massachusetts School of Professional Psychology","2013",,,
"166850","Merrimack College","2013","35085","49685","49685"
"166869","MGH Institute of Health Professions","2013",,,
"166911","Montserrat College of Art","2013","27770","39670","39670"
"166939","Mount Holyoke College","2013","41456","55496","55496"
"166948","Mount Ida College","2013","29377","44945","44945"
"166984","School of the Museum of Fine Arts-Boston","2013","37863","56253","56253"
"167057","The New England Conservatory of Music","2013","39955","55870","55870"
"167093","New England College of Optometry","2013",,,
"167181","New England School of Acupuncture","2013",,,
"167215","New England School of Law","2013",,,
"167251","Newbury College","2013","28950","44550","44550"
"167260","Nichols College","2013","32370","46690","46690"
"167288","Massachusetts College of Liberal Arts","2013","8525","21363","30308"
"167321","The New England Institute of Art","2013","18760","40444","40444"
"167358","Northeastern University","2013","41686","58096","58096"
"167394","College of Our Lady of the Elms","2013","30132","44612","44612"
"167455","Pine Manor College","2013","24930","40870","40870"
"167464","Blessed John XXIII National Seminary","2013",,,
"167598","Regis College","2013","34380","50630","50630"
"167677","Saint John's Seminary","2013","17750","28700","28700"
"167729","Salem State University","2013","8130","22084","28224"
"167783","Simmons College","2013","35380","52610","52610"
"167792","Bard College at Simon's Rock","2013","46713","61403","61403"
"167835","Smith College","2013","43114","60167","60167"
"167899","Springfield College","2013","32560","46480","46480"
"167987","University of Massachusetts-Dartmouth","2013","11681","25355","37830"
"167996","Stonehill College","2013","36160","52370","52370"
"168005","Suffolk University","2013","31716","49979","49979"
"168148","Tufts University","2013","46598","61000","61000"
"168218","Wellesley College","2013","43554","59092","59092"
"168227","Wentworth Institute of Technology","2013","29200","46750","46750"
"168254","Western New England University","2013","33020","48890","48890"
"168263","Westfield State University","2013","8694","21296","27376"
"168281","Wheaton College","2013","45074","58574","58574"
"168290","Wheelock College","2013","31880","47870","47870"
"168342","Williams College","2013","46600","61850","61850"
"168421","Worcester Polytechnic Institute","2013","42778","58060","58060"
"168430","Worcester State University","2013","8157","22718","28798"
"168528","Adrian College","2013","30758","42740","42740"
"168546","Albion College","2013","36051","48195","48195"
"168591","Alma College","2013","32660","44287","44287"
"168740","Andrews University","2013","25470","35538","35538"
"168786","Aquinas College","2013","26460","38012","38012"
"168838","Baker College of Owosso","2013","8100","20100","20100"
"168847","Baker College of Flint","2013","8100","20100","20100"
"169080","Calvin College","2013","28250","41195","41195"
"169099","Calvin Theological Seminary","2013",,,
"169220","Michigan School of Professional Psychology","2013",,,
"169248","Central Michigan University","2013","11220","22004","34454"
"169327","Cleary University","2013","18720",,
"169363","Concordia University-Ann Arbor","2013","23563","35693","35693"
"169424","Cranbrook Academy of Art","2013",,,
"169442","College for Creative Studies","2013","35710","50110","50110"
"169479","Davenport University","2013","14096","26872","26872"
"169628","Michigan State University-College of Law","2013",,,
"169716","University of Detroit Mercy","2013","35920","52400","52400"
"169798","Eastern Michigan University","2013","9364","20756","36301"
"169910","Ferris State University","2013","10466","21878","28134"
"169983","Kettering University","2013","35600","51277","51277"
"170000","Grace Bible College","2013","12235","21949","21949"
"170037","Cornerstone University","2013","24168","35922","35922"
"170082","Grand Valley State University","2013","10716","22432","27104"
"170091","Great Lakes Christian College","2013","14500","25705","25705"
"170301","Hope College","2013","28720","40050","40050"
"170417","ITT Technical Institute-Wyoming","2013","18048",,
"170532","Kalamazoo College","2013","39450","50800","50800"
"170639","Lake Superior State University","2013","9960","21788","26708"
"170675","Lawrence Technological University","2013","28948","43061","43061"
"170806","Madonna University","2013","16340","27944","27944"
"170842","Marygrove College","2013","19850","30730","30730"
"170967","Rochester College","2013","19920","28890","28890"
"170976","University of Michigan-Ann Arbor","2013","13142","26240","53490"
"171100","Michigan State University","2013","12862","24648","45536"
"171128","Michigan Technological University","2013","13728","26375","41255"
"171137","University of Michigan-Dearborn","2013","10614",,
"171146","University of Michigan-Flint","2013","9356","23026","31908"
"171298","Baker College of Muskegon","2013","8100","20100","20100"
"171456","Northern Michigan University","2013","9037","20273","25349"
"171483","Northwestern Michigan College","2013","2724","18643","19986"
"171492","Northwood University-Michigan","2013","22130","35028","35028"
"171571","Oakland University","2013","10613","21751","35011"
"171599","Olivet College","2013","23021","34181","34181"
"171881","Kuyper College","2013","18454","27970","27970"
"172033","Sacred Heart Major Seminary","2013","17000","31767","31767"
"172051","Saginaw Valley State University","2013","8423","19181","30534"
"172264","Siena Heights University","2013","21890","34014","34014"
"172334","Spring Arbor University","2013","23400","34046","34046"
"172440","Finlandia University","2013","20480","32220","32220"
"172477","Thomas M Cooley Law School","2013",,,
"172608","Walsh College of Accountancy and Business Administration","2013",,,
"172644","Wayne State University","2013","11094","23586","36206"
"172699","Western Michigan University","2013","10355","22250","36004"
"172705","Western Theological Seminary","2013",,,
"172866","Academy College","2013","18680",,
"172972","Apostolic Bible Institute Inc","2013",,,
"173045","Augsburg College","2013","33209","45465","45465"
"173124","Bemidji State University","2013","8124","18940","18940"
"173142","Bethany Lutheran College","2013","24080","34150","34150"
"173160","Bethel University","2013","31760","44300","44300"
"173179","Bethel Seminary-St Paul","2013",,,
"173258","Carleton College","2013","46167","60425","60425"
"173300","Concordia College at Moorhead","2013","32814","42964","42964"
"173328","Concordia University-Saint Paul","2013","19700","30850","30850"
"173452","Martin Luther College","2013","12300","21560","21560"
"173489","Duluth Business University","2013","15785",,
"173629","Globe University-Woodbury","2013","14040",,
"173647","Gustavus Adolphus College","2013","39120","50110","50110"
"173665","Hamline University","2013","35108","46398","46398"
"173683","Hazelden Graduate School of Addiction Studies","2013",,,
"173887","The Art Institutes International-Minnesota","2013","17416","33613","33613"
"173896","Luther Seminary","2013",,,
"173902","Macalester College","2013","45388","57478","57478"
"173920","Minnesota State University-Mankato","2013","7557","17562","25041"
"173957","Mayo Medical School","2013",,,
"173966","Mayo School of Health Sciences","2013",,,
"173984","Argosy University-Twin Cities","2013","13663",,
"174020","Metropolitan State University","2013","6642",,
"174066","University of Minnesota-Twin Cities","2013","13555","25281","31531"
"174075","University of Minnesota-Crookston","2013","11448","22722","22722"
"174127","Minneapolis College of Art and Design","2013","32750","43560","43560"
"174154","Herzing University-Minneapolis","2013","11150",,
"174206","Crossroads College","2013","15280","26410","26410"
"174233","University of Minnesota-Duluth","2013","12815","23355","27020"
"174251","University of Minnesota-Morris","2013","12584","23206","23206"
"174279","Minnesota School of Business-Richfield","2013","14040",,
"174358","Minnesota State University-Moorhead","2013","7816","19000","25898"
"174385","National American University-Roseville","2013","12891",,
"174394","Brown College-Mendota Heights","2013","16075",,
"174437","North Central University","2013","19996","30248","30248"
"174491","University of Northwestern-St Paul","2013","28020","40120","40120"
"174507","Northwestern Health Sciences University","2013","11880",,
"174525","Oak Hills Christian College","2013","15300","26325","26325"
"174747","College of Saint Benedict","2013","37926","49970","49970"
"174783","Saint Cloud State University","2013","7514","19002","26644"
"174792","Saint Johns University","2013","37162","48546","48546"
"174817","Saint Mary's University of Minnesota","2013","29315","39750","39750"
"174844","St Olaf College","2013","40700","51860","51860"
"174862","Crown College","2013","22430","35080","35080"
"174899","The College of Saint Scholastica","2013","31612","43008","43008"
"174914","University of St Thomas","2013","35308","48400","48400"
"174932","College of Visual Arts","2013",,,
"175005","St Catherine University","2013","34744","47012","47012"
"175014","Rasmussen College-Minnesota","2013","10764",,
"175078","Southwest Minnesota State University","2013","8074","19576","19576"
"175139","United Theological Seminary of the Twin Cities","2013",,,
"175227","Dunwoody College of Technology","2013","18817",,
"175272","Winona State University","2013","8730","20790","26290"
"175281","William Mitchell College of Law","2013",,,
"180814","Bellevue University","2013","6300",,
"180832","Clarkson College","2013","12880","25760","25760"
"180878","Bryan College of Health Sciences","2013","12711",,
"180948","Chadron State College","2013","5600","16440","16470"
"180984","Concordia University-Nebraska","2013","24750","34550","34550"
"181002","Creighton University","2013","34330","48058","48058"
"181020","Doane College-Crete","2013","26180","38380","38380"
"181093","Grace University","2013","18256","28958","28958"
"181127","Hastings College","2013","25520","37152","37152"
"181215","University of Nebraska at Kearney","2013","6542","20010","25838"
"181242","Kaplan University-Lincoln Campus","2013","15352",,
"181297","Nebraska Methodist College of Nursing & Allied Health","2013","13302","27334","27334"
"181330","Midland University","2013","27146","37780","37780"
"181376","Nebraska Christian College","2013","11300","23450","23450"
"181394","University of Nebraska at Omaha","2013","6550","19250","29590"
"181400","Kaplan University-Omaha Campus","2013","15352",,
"181428","University of Nebraska Medical Center","2013",,,
"181446","Nebraska Wesleyan University","2013","27242","39492","39492"
"181464","University of Nebraska-Lincoln","2013","8060","22246","35574"
"181534","Peru State College","2013","6188","16556","16556"
"181543","Summit Christian College","2013","5075","11110","11110"
"181604","College of Saint Mary","2013","26934","36252","36252"
"181738","Union College","2013","20470","31990","31990"
"181747","University of Nebraska-Central Administration System Office","2013",,,
"181783","Wayne State College","2013","5574","15500","19700"
"181853","York College","2013","15600","26250","26250"
"182634","Colby-Sawyer College","2013","37300","52800","52800"
"182661","Daniel Webster College","2013","15630","31080","31080"
"182670","Dartmouth College","2013","46752","63279","63279"
"182795","Franklin Pierce University","2013","31000","45898","45898"
"182829","University of New Hampshire-School of Law","2013",,,
"182865","Mount Washington College","2013","8016",,
"182917","College of St Mary Magdalen","2013",,,
"182980","New England College","2013","33000","48430","48430"
"183026","Southern New Hampshire University","2013","28884","43056","43056"
"183044","University of New Hampshire-Main Campus","2013","16496","30300","43020"
"183062","Keene State College","2013","12776","25084","32469"
"183071","University of New Hampshire at Manchester","2013","13762",,
"183080","Plymouth State University","2013","12610","26555","33975"
"183211","Rivier University","2013","28055","43227","43227"
"183239","Saint Anselm College","2013","35204","50394","50394"
"183257","Granite State College","2013","7065",,
"183275","Thomas More College of Liberal Arts","2013","19800","31400","31400"
"183327","University System of New Hampshire System Office","2013",,,
"183789","Berkeley College-Woodland Park","2013","23100",,
"183804","Beth Medrash Govoha","2013",,,
"183822","Bloomfield College","2013","25880","41130","41130"
"183910","Caldwell College","2013","29000","43800","43800"
"183974","Centenary College","2013","30540","43435","43435"
"184153","Cooper Health System Center for Allied Health Education","2013",,,
"184269","DeVry University-New Jersey","2013",,,
"184348","Drew University","2013","44068","59362","59362"
"184603","Fairleigh Dickinson University-Metropolitan Campus","2013","34882","52036","52036"
"184612","Felician College","2013","29990","45800","45800"
"184694","Fairleigh Dickinson University-College at Florham","2013","37348","54502","54502"
"184773","Georgian Court University","2013","29606","43276","43276"
"184782","Rowan University","2013","12380","26970","34776"
"185129","New Jersey City University","2013","10653","25863","34275"
"185262","Kean University","2013","10918","26624","32847"
"185572","Monmouth University","2013","31018","46152","46152"
"185590","Montclair State University","2013","11318","28028","36906"
"185758","New Brunswick Theological Seminary","2013",,,
"185828","New Jersey Institute of Technology","2013","15218","31484","44540"
"186122","Princeton Theological Seminary","2013",,,
"186131","Princeton University","2013","40170","55832","55832"
"186186","Rabbinical College of America","2013","10700","22000","22000"
"186201","Ramapo College of New Jersey","2013","13388","29161","37811"
"186283","Rider University","2013","35270","51670","51670"
"186371","Rutgers University-Camden","2013","13348","28645","42205"
"186380","Rutgers University-New Brunswick","2013","13499","29468","43492"
"186399","Rutgers University-Newark","2013","12998","29768","43792"
"186432","Saint Peter's University","2013","32284","47842","47842"
"186584","Seton Hall University","2013","35820","50318","50318"
"186618","College of Saint Elizabeth","2013","31095","47147","47147"
"186867","Stevens Institute of Technology","2013","44490","60554","60554"
"186876","The Richard Stockton College of New Jersey","2013","12322","27929","34322"
"186900","Talmudical Academy-New Jersey","2013","11000","17700","17700"
"187046","Thomas Edison State College","2013","5700",,
"187134","The College of New Jersey","2013","14730","29652","40057"
"187222","University of Medicine and Dentistry of New Jersey","2013",,,
"187444","William Paterson University of New Jersey","2013","11918","27580","35120"
"188340","Vaughn College of Aeronautics and Technology","2013","20450","43726","43726"
"188429","Adelphi University","2013","30800","47110","47110"
"188465","Globe Institute of Technology","2013","11120",,
"188517","Bryant & Stratton College-Albany","2013","16565",,
"188526","Albany College of Pharmacy and Health Sciences","2013","28900","42800","42800"
"188535","Albany Law School","2013",,,
"188580","Albany Medical College","2013",,,
"188641","Alfred University","2013","25430","39948","39948"
"188854","American Musical and Dramatic Academy","2013","31820","45420","45420"
"189015","Bank Street College of Education","2013",,,
"189088","Bard College","2013","46370","62572","62572"
"189097","Barnard College","2013","44790","61512","61512"
"189228","Berkeley College-New York","2013","23100","40566","40566"
"189264","Beth Hatalmud Rabbinical College","2013","7500",,
"189273","Beth Hamedrash Shaarei Yosher Institute","2013","7500",,
"189413","Boricua College","2013","11025",,
"189459","Briarcliffe College","2013","16665",,
"189501","Brooklyn Law School","2013",,,
"189556","Bryant & Stratton College-Amherst","2013","16565",,
"189565","Bryant & Stratton College-Syracuse North","2013","16565",,
"189583","Bryant & Stratton College-Buffalo","2013","16565",,
"189592","Bryant & Stratton College-Greece","2013","16565",,
"189705","Canisius College","2013","33332","48102","48102"
"189848","Cazenovia College","2013","29410","43290","43290"
"189857","Central Yeshiva Tomchei Tmimim Lubavitz","2013","6700","13200","13200"
"189981","Christ the King Seminary","2013",,,
"190035","CUNY System Office","2013",,,
"190044","Clarkson University","2013","40540","57514","57514"
"190080","Colgate Rochester Crozer Divinity School","2013",,,
"190099","Colgate University","2013","46380","60050","60050"
"190114","Metropolitan College of New York","2013","17530",,
"190150","Columbia University in the City of New York","2013","49138","64144","64144"
"190248","Concordia College-New York","2013","28095","41175","41175"
"190372","Cooper Union for the Advancement of Science and Art","2013","41400","60075","60075"
"190415","Cornell University","2013","45358","61618","61618"
"190424","Weill Cornell Medical College","2013",,,
"190503","Culinary Institute of America","2013","27720","41510","41510"
"190512","CUNY Bernard M Baruch College","2013","6210","27562","34072"
"190549","CUNY Brooklyn College","2013","6184","24906","31416"
"190558","College of Staten Island CUNY","2013","6158","24832","31342"
"190567","CUNY City College","2013","6089","26631","33141"
"190576","CUNY Graduate School and University Center","2013",,,
"190594","CUNY Hunter College","2013","6129","20181","26691"
"190600","CUNY John Jay College of Criminal Justice","2013","6059","30885","37395"
"190637","CUNY Lehman College","2013","6108","24470","30980"
"190646","CUNY Medgar Evers College","2013","6032",,
"190655","CUNY New York City College of Technology","2013","6069",,
"190664","CUNY Queens College","2013","6207","26179","32689"
"190682","CUNY School of Law at Queens College","2013",,,
"190691","CUNY York College","2013","6096",,
"190716","D'Youville College","2013","22850","37570","37570"
"190725","Daemen College","2013","24090","37690","37690"
"190752","Yeshiva of Far Rockaway Derech Ayson Rabbinical Seminary","2013","10000","18500","18500"
"190761","Dominican College of Blauvelt","2013","24790","39890","39890"
"190770","Dowling College","2013","28390","43962","43962"
"190983","Elmira College","2013","38150","50800","50800"
"191126","Fashion Institute of Technology","2013","5105","21773","30623"
"191205","Five Towns College","2013","20770","38370","38370"
"191241","Fordham University","2013","43902","63438","63438"
"191320","The General Theological Seminary","2013",,,
"191515","Hamilton College","2013","46080","59590","59590"
"191533","Hartwick College","2013","38930","50815","50815"
"191597","Helene Fuld College of Nursing","2013","16693",,
"191621","Hilbert College","2013","19940","30140","30140"
"191630","Hobart William Smith Colleges","2013","46165","59850","59850"
"191649","Hofstra University","2013","37400","54289","54289"
"191676","Houghton College","2013","27728","39590","39590"
"191931","Iona College","2013","32770","49295","49295"
"191968","Ithaca College","2013","38400","55587","55587"
"192004","Jamestown Business College","2013","11700",,
"192040","Jewish Theological Seminary of America","2013","18460","34410","34410"
"192110","The Juilliard School","2013","36720","53920","53920"
"192165","Kehilath Yakov Rabbinical Seminary","2013","8600","12800","12800"
"192192","Keuka College","2013","27465","43005","43005"
"192271","LIM College","2013","23645","47095","47095"
"192323","Le Moyne College","2013","30460","44900","44900"
"192439","LIU Brooklyn","2013","34120","50514","50514"
"192448","LIU Post","2013","34070","50934","50934"
"192457","LIU-University Center Campus","2013",,,
"192554","LIU Hudson at Rockland","2013",,,
"192563","LIU Brentwood","2013",,,
"192624","Machzikei Hadath Rabbinical College","2013","9600",,
"192703","Manhattan College","2013","35725","52005","52005"
"192712","Manhattan School of Music","2013","36500","55850","55850"
"192749","Manhattanville College","2013","35370","52240","52240"
"192785","Maria College of Albany","2013","11130",,
"192819","Marist College","2013","31290","48390","48390"
"192864","Marymount Manhattan College","2013","26640","48740","48740"
"192925","Medaille College","2013","23812","37312","37312"
"193016","Mercy College","2013","17576","34278","34278"
"193052","Mesivta Torah Vodaath Rabbinical Seminary","2013","10400","18300","18300"
"193061","Mesivta of Eastern Parkway-Yeshiva Zichron Meilech","2013","8600","16625","16625"
"193070","Mesivtha Tifereth Jerusalem of America","2013","9500","14500","14500"
"193247","Mirrer Yeshiva Cent Institute","2013","5586","13903","13903"
"193292","Molloy College","2013","25710","43718","43718"
"193308","Monroe College","2013","13236","26736","26736"
"193353","Mount Saint Mary College","2013","26250","42290","42290"
"193399","College of Mount Saint Vincent","2013","30290","44835","44835"
"193405","Icahn School of Medicine at Mount Sinai","2013",,,
"193584","Nazareth College","2013","29624","44290","44290"
"193645","The College of New Rochelle","2013","31260","47550","47550"
"193654","The New School","2013","40426","59691","59691"
"193751","New York Chiropractic College","2013",,,
"193821","New York Law School","2013",,,
"193830","New York Medical College","2013",,,
"193894","New York Theological Seminary","2013",,,
"193900","New York University","2013","44848","63540","63540"
"193973","Niagara University","2013","28200","42350","42350"
"194073","New York College of Podiatric Medicine","2013",,,
"194091","New York Institute of Technology","2013","30780","48552","48552"
"194116","New York School of Interior Design","2013","26540","52540","52540"
"194161","Nyack College","2013","23250","36532","36532"
"194189","Ohr Hameir Theological Seminary","2013","9000","18600","18600"
"194310","Pace University-New York","2013","38069","56999","56999"
"194392","Paul Smiths College of Arts and Science","2013","25261","40021","40021"
"194499","Plaza College","2013","11350",,
"194541","Polytechnic Institute of New York University","2013","41328","59570","59570"
"194569","Davis College","2013","12640","21190","21190"
"194578","Pratt Institute-Main","2013","43126","58734","58734"
"194657","Rabbinical Academy Mesivta Rabbi Chaim Berlin","2013","11900","18900","18900"
"194666","Rabbinical College Bobover Yeshiva Bnei Zion","2013","8960","16260","16260"
"194675","Rabbinical College of Ch'san Sofer New York","2013","8000","11300","11300"
"194693","Rabbinical College Beth Shraga","2013","11050","19850","19850"
"194718","Rabbinical Seminary M'kor Chaim","2013","6675","16925","16925"
"194736","Rabbinical College of Long Island","2013","8800","17700","17700"
"194763","Rabbinical Seminary of America","2013","8000","17800","17800"
"194824","Rensselaer Polytechnic Institute","2013","46269","61820","61820"
"194958","Roberts Wesleyan College","2013","27364","40888","40888"
"195003","Rochester Institute of Technology","2013","34424","47627","47627"
"195030","University of Rochester","2013","45372","61340","61340"
"195049","Rockefeller University","2013",,,
"195128","The Sage Colleges","2013","28000","42470","42470"
"195155","St Bernard's School of Theology and Ministry","2013",,,
"195164","St Bonaventure University","2013","29589","42359","42359"
"195173","St Francis College","2013","20700","43200","43200"
"195216","St Lawrence University","2013","46040","59550","59550"
"195234","The College of Saint Rose","2013","27684","42234","42234"
"195243","St Thomas Aquinas College","2013","26340","41120","41120"
"195304","Sarah Lawrence College","2013","48696","64122","64122"
"195438","Sh'or Yoshuv Rabbinical College","2013","9000","18300","18300"
"195474","Siena College","2013","31368","47265","47265"
"195526","Skidmore College","2013","45874","60900","60900"
"195544","Saint Joseph's College-New York","2013","21878",,
"195580","Saint Vladimirs Orthodox Theological Seminary","2013",,,
"195720","Saint John Fisher College","2013","28430","41370","41370"
"195809","St John's University-New York","2013","37260","56971","56971"
"195827","SUNY-System Office","2013",,,
"196006","SUNY College of Technology at Alfred","2013","7294","23239","29899"
"196015","SUNY College of Technology at Canton","2013","7181","21416","25586"
"196024","SUNY College of Technology at Delhi","2013","7200","21090","25260"
"196033","SUNY College of Agriculture and Technology at Cobleskill","2013","7149","22661","32111"
"196042","Farmingdale State College","2013","7125","22185","31635"
"196051","Morrisville State College","2013","7412","23352","32802"
"196060","SUNY at Albany","2013","8040","22419","32739"
"196079","SUNY at Binghamton","2013","8144","22832","33152"
"196088","University at Buffalo","2013","8211","23316","35256"
"196097","Stony Brook University","2013","7995","22127","34067"
"196103","SUNY College of Environmental Science and Forestry","2013","7033","24093","33543"
"196112","SUNY Institute of Technology at Utica-Rome","2013","7090","23065","32515"
"196121","SUNY College at Brockport","2013","7222","20952","30402"
"196130","Buffalo State SUNY","2013","7022","21493","30853"
"196149","SUNY College at Cortland","2013","7327","22634","32084"
"196158","SUNY at Fredonia","2013","7400","21638","31088"
"196167","SUNY College at Geneseo","2013","7430","21672","31122"
"196176","State University of New York at New Paltz","2013","7083","21403","30853"
"196185","SUNY Oneonta","2013","7230","21680","31130"
"196194","SUNY College at Oswego","2013","7181","21991","31441"
"196200","SUNY College at Potsdam","2013","7174","21109","30559"
"196219","SUNY at Purchase College","2013","7573","24672","34122"
"196228","SUNY College of Optometry","2013",,,
"196237","SUNY College at Old Westbury","2013","6624","19284","28534"
"196246","SUNY College at Plattsburgh","2013","7179","21309","30759"
"196255","SUNY Downstate Medical Center","2013",,,
"196264","SUNY Empire State College","2013","6265",,
"196291","SUNY Maritime College","2013","7109","22614","32064"
"196307","Upstate Medical University","2013",,,
"196413","Syracuse University","2013","40458","57450","57450"
"196431","Talmudical Seminary Oholei Torah","2013","8100","15000","15000"
"196440","Talmudical Institute of Upstate New York","2013","5000","13000","13000"
"196468","Teachers College at Columbia University","2013",,,
"196583","Torah Temimah Talmudical Seminary","2013","10450","17950","17950"
"196592","Touro College","2013","15250","28472","28472"
"196653","Trocaire College","2013","15300",,
"196680","Excelsior College","2013",,,
"196866","Union College","2013","46785","60150","60150"
"196884","Union Theological Seminary in the City of New York","2013",,,
"197018","United Talmudical Seminary","2013","13200","20891","20891"
"197027","United States Merchant Marine Academy","2013","1032","9768","9768"
"197036","United States Military Academy","2013",,,
"197045","Utica College","2013","33320","48650","48650"
"197133","Vassar College","2013","47890","61320","61320"
"197142","Villa Maria College","2013","18240",,
"197151","School of Visual Arts","2013","32270","54883","54883"
"197197","Wagner College","2013","39220","53924","53924"
"197221","Webb Institute","2013","42750","61820","61820"
"197230","Wells College","2013","35900","49800","49800"
"197285","The College of Westchester","2013","21015",,
"197601","Yeshiva Karlin Stolin","2013","7600","14300","14300"
"197610","Yeshivat Mikdash Melech","2013","8100","16800","16800"
"197647","Yeshiva Derech Chaim","2013","10200","17800","17800"
"197674","Yeshiva of Nitra Rabbinical College","2013","7900","15300","15300"
"197692","Yeshiva Shaar Hatorah","2013","14660","16930","16930"
"197708","Yeshiva University","2013","37600","55075","55075"
"197735","Yeshivath Viznitz","2013","7500","16100","16100"
"197744","Yeshivath Zichron Moshe","2013","10800","18100","18100"
"200013","Rasmussen College-North Dakota","2013","10764",,
"200022","Bismarck State College","2013","3487","13301","17876"
"200059","Dickinson State University","2013","5846","16044","18396"
"200086","Fort Berthold Community College","2013","4210",,
"200156","University of Jamestown","2013","18494","28738","28738"
"200217","University of Mary","2013","14730","24121","24121"
"200226","Mayville State University","2013","6353","16445","18767"
"200244","Sanford College of Nursing","2013",,,
"200253","Minot State University","2013","6086","16196","16196"
"200280","University of North Dakota","2013","7508","21162","31448"
"200332","North Dakota State University-Main Campus","2013","7660","19460","30042"
"200466","Sitting Bull College","2013","3910","14156","14156"
"200484","Trinity Bible College","2013","13900","25460","25460"
"200527","Turtle Mountain Community College","2013","2250",,
"200554","United Tribes Technical College","2013","5210","10990","10990"
"200572","Valley City State University","2013","6516","16986","25066"
"200624","The Art Institute of Cincinnati","2013","23341",,
"200697","Air Force Institute of Technology-Graduate School of Engineering & Management","2013",,,
"200785","Akron Institute of Herzing University","2013","10800",,
"200800","University of Akron Main Campus","2013","10054","23956","32320"
"200873","Allegheny Wesleyan College","2013","4800","12212","12212"
"201061","Art Academy of Cincinnati","2013","24330","37130","37130"
"201104","Ashland University","2013","29836","42833","42833"
"201140","Athenaeum of Ohio","2013",,,
"201177","Aultman College of Nursing and Health Sciences","2013","17336",,
"201195","Baldwin Wallace University","2013","27840","39230","39230"
"201371","Bluffton University","2013","28504","41864","41864"
"201441","Bowling Green State University-Main Campus","2013","10726","23506","30814"
"201469","Bryant & Stratton College-Parma","2013","16565",,
"201548","Capital University","2013","31990","44350","44350"
"201645","Case Western Reserve University","2013","41800","57798","57798"
"201654","Cedarville University","2013","26420","35020","35020"
"201690","Central State University","2013","6058","17804","25256"
"201821","The Christ College of Nursing and Health Sciences","2013","18883",,
"201858","Cincinnati Christian University","2013","15266","28028","28028"
"201867","Cincinnati College of Mortuary Science","2013",,,
"201885","University of Cincinnati-Main Campus","2013","10784","27434","42466"
"201946","University of Cincinnati-Clermont College","2013","5210",,
"201955","University of Cincinnati-Blue Ash College","2013","5890",,
"201964","Ohio Christian University","2013","17720","33418","33418"
"202046","Cleveland Institute of Art","2013","36509","54161","54161"
"202073","Cleveland Institute of Music","2013","44039","59413","59413"
"202134","Cleveland State University","2013","9499","25317","28496"
"202170","Columbus College of Art and Design","2013","30390","42430","42430"
"202480","University of Dayton","2013","35800","49540","49540"
"202514","Defiance College","2013","28690","41700","41700"
"202523","Denison University","2013","43910","56520","56520"
"202541","DeVry University-Ohio","2013",,,
"202611","Chancellor University","2013",,,
"202684","Bryant & Stratton College-Cleveland","2013","16565",,
"202763","The University of Findlay","2013","29798","41306","41306"
"202806","Franklin University","2013","10681",,
"202903","Gods Bible School and College","2013","7000","14900","14900"
"202912","Good Samaritan College of Nursing and Health Science","2013","18825",,
"203067","Hebrew Union College-Jewish Institute of Religion","2013",,,
"203085","Heidelberg University","2013","26180","38154","38154"
"203128","Hiram College","2013","30290","43145","43145"
"203313","ITT Technical Institute-Dayton","2013","18048",,
"203368","John Carroll University","2013","34480","48310","48310"
"203386","Hondros College","2013","18105",,
"203447","Kent State University at Ashtabula","2013","5554",,
"203456","Kent State University at East Liverpool","2013","5554",,
"203465","Kent State University at Stark","2013","5554",,
"203474","Kent State University at Trumbull","2013","5554",,
"203483","Kent State University at Tuscarawas","2013","5554",,
"203492","Kent State University at Salem","2013","5554",,
"203517","Kent State University at Kent","2013","9816","24926","32886"
"203526","Kent State University at Geauga","2013","5554",,
"203535","Kenyon College","2013","45640","60070","60070"
"203544","Kettering College","2013","10032","21762","21762"
"203580","Lake Erie College","2013","27368","40364","40364"
"203757","Lourdes University","2013","17655","31157","31157"
"203775","Malone University","2013","25678","37934","37934"
"203845","Marietta College","2013","31940","44362","44362"
"203960","Mercy College of Ohio","2013","11430",,
"203997","Methodist Theological School in Ohio","2013",,,
"204006","Miami University-Hamilton","2013","5072",,
"204015","Miami University-Middletown","2013","5072",,
"204024","Miami University-Oxford","2013","13800","29701","45491"
"204176","Mount Carmel College of Nursing","2013","11675","24041","24041"
"204185","University of Mount Union","2013","27380","38895","38895"
"204194","Mount Vernon Nazarene University","2013","23690","35020","35020"
"204200","College of Mount St Joseph","2013","25800","35880","35880"
"204264","Muskingum University","2013","23662","35694","35694"
"204316","Brown Mackie College-North Canton","2013","12114",,
"204468","Notre Dame College","2013","26344","38502","38502"
"204477","Northeast Ohio Medical University","2013",,,
"204486","University of Northwestern Ohio","2013","9565","22015","22015"
"204501","Oberlin College","2013","46870","62132","62132"
"204617","Ohio Dominican University","2013","28932","42087","42087"
"204635","Ohio Northern University","2013","36720","50960","50960"
"204671","Ohio State University-Lima Campus","2013","7140",,
"204680","Ohio State University-Mansfield Campus","2013","7140","22036","37756"
"204699","Ohio State University-Marion Campus","2013","7140",,
"204705","Ohio State University-Newark Campus","2013","7140","22036","37756"
"204796","Ohio State University-Main Campus","2013","10037","25479","41199"
"204802","Ohio University-Eastern Campus","2013","4778",,
"204820","Ohio University-Chillicothe Campus","2013","4974",,
"204839","Ohio University-Southern Campus","2013","4778",,
"204848","Ohio University-Lancaster Campus","2013","4974",,
"204857","Ohio University-Main Campus","2013","10446","24396","33360"
"204866","Ohio University-Zanesville Campus","2013","4982",,
"204909","Ohio Wesleyan University","2013","40510","55690","55690"
"204936","Otterbein University","2013","31424","44276","44276"
"204990","Payne Theological Seminary","2013",,,
"205027","Pontifical College Josephinum","2013","20614","36598","36598"
"205124","Rabbinical College Telshe","2013","9600","16700","16700"
"205179","Fortis College-Centerville","2013","11586",,
"205203","University of Rio Grande","2013","20780","35008","35008"
"205443","Shawnee State University","2013","7177","21451","26565"
"205610","Brown Mackie College-Cincinnati","2013","12474",,
"205647","Brown Mackie College-Akron","2013","12114",,
"205957","Franciscan University of Steubenville","2013","23160","34490","34490"
"206002","Ohio Mid-Western College","2013","10944",,
"206048","Tiffin University","2013","20700","36481","36481"
"206084","University of Toledo","2013","9275","24109","33229"
"206154","Tri-State Bible College","2013","7700",,
"206215","Trinity Lutheran Seminary","2013",,,
"206279","Union Institute & University","2013","11904",,
"206288","United Theological Seminary","2013",,,
"206330","Urbana University","2013","21566","31686","31686"
"206349","Ursuline College","2013","26720","38344","38344"
"206437","Walsh University","2013","25840","39390","39390"
"206491","Wilberforce University","2013","15140","26890","26890"
"206507","Wilmington College","2013","28190","40057","40057"
"206516","Winebrenner Theological Seminary","2013",,,
"206525","Wittenberg University","2013","38030","50766","50766"
"206589","The College of Wooster","2013","41680","53500","53500"
"206604","Wright State University-Main Campus","2013","8542","22438","30442"
"206613","Wright State University-Lake Campus","2013","5740","16010","24014"
"206622","Xavier University","2013","33000","46520","46520"
"206631","ITT Technical Institute-Youngstown","2013","18048",,
"206695","Youngstown State University","2013","8129","20343","20572"
"210492","Bryn Athyn College of the New Church","2013","17724","29734","29734"
"210508","Academy of Vocal Arts","2013",,,
"210571","Albright College","2013","36660","49160","49160"
"210669","Allegheny College","2013","39100","52020","52020"
"210739","DeSales University","2013","31250","48398","48398"
"210775","Alvernia University","2013","29060","43250","43250"
"210809","American College of Financial Services","2013",,,
"210906","The Art Institutes of York-PA","2013","17344","32911","32911"
"210942","The Art Institute of Philadelphia","2013","17920","36499","36499"
"210960","The Art Institute of Pittsburgh","2013","17632","33514","33514"
"211024","Baptist Bible College & Seminary of Pennsylvania","2013","19710","29190","29190"
"211088","Arcadia University","2013","36810","51970","51970"
"211130","Biblical Theological Seminary","2013",,,
"211158","Bloomsburg University of Pennsylvania","2013","8582","22182","32306"
"211273","Bryn Mawr College","2013","43900","59760","59760"
"211291","Bucknell University","2013","46902","61060","61060"
"211352","Cabrini College","2013","29000","45322","45322"
"211361","California University of Pennsylvania","2013","9239","24860","28712"
"211370","Calvary Baptist Theological Seminary","2013",,,
"211431","Carlow University","2013","25416","38450","38450"
"211440","Carnegie Mellon University","2013","47642","62032","62032"
"211468","Cedar Crest College","2013","33000","45021","45021"
"211477","Central Penn College","2013","16167","25647","25647"
"211556","Chatham University","2013","32454","46162","46162"
"211583","Chestnut Hill College","2013","31170","44378","44378"
"211608","Cheyney University of Pennsylvania","2013","8806","21716","26212"
"211644","Clarion University of Pennsylvania","2013","9404","22120","25953"
"211893","Curtis Institute of Music","2013","2425","20742","20742"
"211981","Delaware Valley College","2013","32890","47467","47467"
"212009","Dickinson College","2013","46094","60183","60183"
"212018","The Dickinson School of Law of the Pennsylvania State University","2013",,,
"212054","Drexel University","2013","37505","57870","57870"
"212106","Duquesne University","2013","31385","44567","44567"
"212115","East Stroudsburg University of Pennsylvania","2013","8991","20866","30990"
"212133","Eastern University","2013","28090","42192","42192"
"212160","Edinboro University of Pennsylvania","2013","8849","20287","24139"
"212197","Elizabethtown College","2013","38200","49650","49650"
"212443","Evangelical Theological Seminary","2013",,,
"212452","Faith Theological Seminary","2013","5800",,
"212577","Franklin and Marshall College","2013","46285","60765","60765"
"212601","Gannon University","2013","27546","41820","41820"
"212656","Geneva College","2013","25220","36520","36520"
"212674","Gettysburg College","2013","45870","58320","58320"
"212771","Gratz College","2013",,,
"212805","Grove City College","2013","14880","24838","24838"
"212832","Gwynedd Mercy University","2013","29450","42030","42030"
"212911","Haverford College","2013","45426","61898","61898"
"212984","Holy Family University","2013","27100","41960","41960"
"213011","Immaculata University","2013","30740","49130","49130"
"213020","Indiana University of Pennsylvania-Main Campus","2013","9080","23920","35056"
"213251","Juniata College","2013","37170","49220","49220"
"213303","Keystone College","2013","21300","35500","35500"
"213321","King's College","2013","30310","45468","45468"
"213349","Kutztown University of Pennsylvania","2013","8819","22265","32389"
"213358","La Roche College","2013","24778","38434","38434"
"213367","La Salle University","2013","38200","51770","51770"
"213385","Lafayette College","2013","44670","59750","59750"
"213400","Lancaster Bible College","2013","18270","29980","29980"
"213446","Lancaster Theological Seminary","2013",,,
"213507","Lebanon Valley College","2013","35700","48630","48630"
"213543","Lehigh University","2013","43520","57145","57145"
"213598","Lincoln University of Pennsylvania","2013","9804","23239","28519"
"213613","Lock Haven University","2013","8899","21874","29998"
"213631","Lutheran Theological Seminary at Gettysburg","2013",,,
"213640","Lutheran Theological Seminary at Philadelphia","2013",,,
"213668","Lycoming College","2013","33746","46707","46707"
"213783","Mansfield University of Pennsylvania","2013","9192","22434","32558"
"213826","Marywood University","2013","30690","46556","46556"
"213987","Mercyhurst University","2013","30300","44838","44838"
"213996","Messiah College","2013","30470","42990","42990"
"214041","Millersville University of Pennsylvania","2013","8866","21309","31433"
"214069","Misericordia University","2013","28210","41940","41940"
"214148","Moore College of Art and Design","2013","34048","50838","50838"
"214157","Moravian College","2013","35518","49090","49090"
"214166","Mount Aloysius College","2013","20268","34598","34598"
"214175","Muhlenberg College","2013","42755","55370","55370"
"214272","Neumann University","2013","24948","39475","39475"
"214564","Salus University","2013",,,
"214591","Pennsylvania State University-Penn State Erie-Behrend College","2013","14240","30840","37902"
"214607","Pennsylvania State University-Penn State Great Valley","2013",,,
"214616","Pennsylvania State University-College of Medicine","2013",,,
"214625","Pennsylvania State University-Penn State New Kensington","2013","13412",,
"214634","Pennsylvania State University-Penn State Shenango","2013","13318",,
"214643","Pennsylvania State University-Penn State Wilkes-Barre","2013","13354",,
"214652","Pennsylvania State University-Penn State Worthington Scranton","2013","13486",,
"214661","Pennsylvania State System of Higher Education-Central Office","2013",,,
"214670","Pennsylvania State University-Penn State Lehigh Valley","2013","13602",,
"214689","Pennsylvania State University-Penn State Altoona","2013","14240","30840","37902"
"214698","Pennsylvania State University-Penn State Beaver","2013","13470","30070","36676"
"214704","Pennsylvania State University-Penn State Berks","2013","14240","30840","37902"
"214713","Pennsylvania State University-Penn State Harrisburg","2013","14240","30840","37902"
"214731","Pennsylvania State University-Penn State Brandywine","2013","13608",,
"214740","Pennsylvania State University-Penn State Dubois","2013","13354",,
"214759","Pennsylvania State University-Penn State Fayette- Eberly","2013","13412",,
"214768","Pennsylvania State University-Penn State Hazleton","2013","13550","30150","36826"
"214777","Pennsylvania State University-Main Campus","2013","16992","33592","46166"
"214786","Pennsylvania State University-Penn State Greater Allegheny","2013","13464","30064","36670"
"214795","Pennsylvania State University-Penn State Mont Alto","2013","13470","30070","36676"
"214801","Pennsylvania State University-Penn State Abington","2013","13608",,
"214810","Pennsylvania State University-Penn State Schuylkill","2013","13550","30150","36826"
"214829","Pennsylvania State University-Penn State York","2013","13602",,
"214883","Peirce College","2013","17040",,
"214971","Pennsylvania Academy of the Fine Arts","2013","30380","47180","47180"
"215053","Pennsylvania College of Art and Design","2013","20680",,
"215062","University of Pennsylvania","2013","45890","61800","61800"
"215099","Philadelphia University","2013","33690","49426","49426"
"215105","The University of the Arts","2013","36582","55327","55327"
"215114","Cairn University-Langhorne","2013","22455","34090","34090"
"215123","Philadelphia College of Osteopathic Medicine","2013",,,
"215132","University of the Sciences","2013","34742","52766","52766"
"215266","University of Pittsburgh-Bradford","2013","13078","25642","36246"
"215275","University of Pittsburgh-Greensburg","2013","13128","26714","37318"
"215284","University of Pittsburgh-Johnstown","2013","13130","26262","36866"
"215293","University of Pittsburgh-Pittsburgh Campus","2013","17100","32126","42132"
"215424","Pittsburgh Theological Seminary","2013",,,
"215442","Point Park University","2013","26170","39800","39800"
"215619","Reconstructionist Rabbinical College","2013",,,
"215628","Reformed Presbyterian Theological Seminary","2013",,,
"215637","The Restaurant School at Walnut Hill College","2013","23550","37870","37870"
"215655","Robert Morris University","2013","25114","40755","40755"
"215691","Rosemont College","2013","30950","46305","46305"
"215743","Saint Francis University","2013","29992","45038","45038"
"215770","Saint Joseph's University","2013","39040","54772","54772"
"215798","Saint Vincent College","2013","30350","42838","42838"
"215813","Saint Vincent Seminary","2013",,,
"215929","University of Scranton","2013","38754","55008","55008"
"215947","Seton Hill University","2013","30300","43900","43900"
"216010","Shippensburg University of Pennsylvania","2013","9448","24046","32514"
"216038","Slippery Rock University of Pennsylvania","2013","9027","22132","25634"
"216047","Saint Charles Borromeo Seminary-Overbrook","2013","19500","37000","37000"
"216278","Susquehanna University","2013","38780","51400","51400"
"216287","Swarthmore College","2013","44718","60671","60671"
"216311","Talmudical Yeshiva of Philadelphia","2013","8650","18650","18650"
"216339","Temple University","2013","14096","29632","39658"
"216348","Theological Seminary of the Reformed Episcopal Church","2013",,,
"216357","Thiel College","2013","26802","41078","41078"
"216366","Thomas Jefferson University","2013",,,
"216463","Trinity Episcopal School for Ministry","2013",,,
"216524","Ursinus College","2013","44530","58880","58880"
"216542","Valley Forge Christian College","2013","19394","31026","31026"
"216597","Villanova University","2013","44430","58736","58736"
"216667","Washington & Jefferson College","2013","39710","51690","51690"
"216694","Waynesburg University","2013","20540","31500","31500"
"216764","West Chester University of Pennsylvania","2013","8850","25690","35814"
"216807","Westminster College","2013","32445","43805","43805"
"216816","Westminster Theological Seminary","2013",,,
"216852","Widener University-Main Campus","2013","38028","54019","54019"
"216931","Wilkes University","2013","30350","46786","46786"
"217013","Wilson College","2013","29370","41963","41963"
"217040","Yeshivath Beth Moshe","2013","8400","14925","14925"
"217059","York College Pennsylvania","2013","17010","29790","29790"
"217156","Brown University","2013","45612","60460","60460"
"217165","Bryant University","2013","37234","53598","53598"
"217235","Johnson & Wales University-Providence","2013","27456","41461","41461"
"217305","New England Institute of Technology","2013","21285",,
"217402","Providence College","2013","43245","57625","57625"
"217420","Rhode Island College","2013","7602","20053","30751"
"217484","University of Rhode Island","2013","12450","26882","42448"
"217493","Rhode Island School of Design","2013","42932","61054","61054"
"217518","Roger Williams University","2013","31668","49394","49394"
"217536","Salve Regina University","2013","34950","49950","49950"
"217606","Northpoint Bible College","2013","10430","23580","23580"
"230047","Brigham Young University-Hawaii","2013","4770","16564","16564"
"230816","Bennington College","2013","45080","61920","61920"
"230825","Burlington College","2013","22885","35500","35500"
"230834","Castleton State College","2013","10286","21828","35556"
"230852","Champlain College","2013","31350","46850","46850"
"230889","Goddard College","2013","14930","17018","17018"
"230898","Green Mountain College","2013","32192","45988","45988"
"230913","Johnson State College","2013","10286","21774","33438"
"230931","Lyndon State College","2013","10286","21744","32400"
"230940","Marlboro College","2013","38110","51590","51590"
"230959","Middlebury College","2013","45314","59470","59470"
"230977","New England Culinary Institute","2013",,,
"230995","Norwich University","2013","33371","49655","49655"
"231059","Saint Michael's College","2013","39015","50920","50920"
"231068","SIT Graduate Institute","2013",,,
"231077","College of St Joseph","2013","21100","33700","33700"
"231086","Southern Vermont College","2013","22000","35500","35500"
"231095","Sterling College","2013","29894","41092","41092"
"231147","Vermont Law School","2013",,,
"231156","Vermont State Colleges-Office of the Chancellor","2013",,,
"231165","Vermont Technical College","2013","12494","24282","34794"
"231174","University of Vermont","2013","15718","28886","49814"
"231420","Averett University","2013","27500","39124","39124"
"231554","Bluefield College","2013","22390","35560","35560"
"231581","Bridgewater College","2013","29090","43310","43310"
"231624","College of William and Mary","2013","15463","28329","51306"
"231651","Regent University","2013","15838","28368","28368"
"231712","Christopher Newport University","2013","11092","25808","35708"
"231785","Bryant & Stratton College-Virginia Beach","2013","16565",,
"231828","Bryant & Stratton College-Richmond","2013","16565",,
"231837","Jefferson College of Health Sciences","2013","22400","36353","36353"
"231970","Eastern Virginia Medical School","2013",,,
"232016","Centura College-Virginia Beach","2013","16912",,
"232025","Emory & Henry College","2013","28966","41866","41866"
"232043","Eastern Mennonite University","2013","29350","41500","41500"
"232089","Ferrum College","2013","28585","40627","40627"
"232186","George Mason University","2013","9908","25335","44019"
"232256","Hampden-Sydney College","2013","37352","51577","51577"
"232265","Hampton University","2013","20724","33854","33854"
"232308","Hollins University","2013","33320","48180","48180"
"232423","James Madison University","2013","9176","22740","37218"
"232557","Liberty University","2013","20768","33544","33544"
"232566","Longwood University","2013","11340","23724","36594"
"232609","Lynchburg College","2013","33565","44695","44695"
"232672","Mary Baldwin College","2013","28720","40420","40420"
"232681","University of Mary Washington","2013","9720","24076","36946"
"232706","Marymount University","2013","26430","41160","41160"
"232797","American National University","2013","11550",,
"232885","Sentara College of Health Sciences","2013",,,
"232937","Norfolk State University","2013","7126","20536","34006"
"232982","Old Dominion University","2013","8550","22267","37927"
"233277","Radford University","2013","8976","20700","32865"
"233295","Randolph-Macon College","2013","34850","47740","47740"
"233301","Randolph College","2013","32850","46060","46060"
"233356","Bon Secours Memorial College of Nursing","2013","9043",,
"233374","University of Richmond","2013","45320","57630","57630"
"233426","Roanoke College","2013","36597","51371","51371"
"233499","Saint Pauls College","2013",,,
"233541","Shenandoah University","2013","29934","43598","43598"
"233611","Southern Virginia University","2013","18900","30300","30300"
"233684","Strayer University-Virginia","2013","15495",,
"233718","Sweet Briar College","2013","33605","49105","49105"
"233842","Union Presbyterian Seminary","2013",,,
"233897","The University of Virginia's College at Wise","2013","8509","21567","36623"
"233912","Virginia Intermont College","2013","24642","39891","39891"
"233921","Virginia Polytechnic Institute and State University","2013","11455","26165","41921"
"234030","Virginia Commonwealth University","2013","12002","28297","45768"
"234076","University of Virginia-Main Campus","2013","12668","26075","53461"
"234085","Virginia Military Institute","2013","14404","25642","46630"
"234137","Virginia University of Lynchburg","2013","7880","22657","22657"
"234155","Virginia State University","2013","7784","20767","30175"
"234164","Virginia Union University","2013","15130","27932","27932"
"234173","Virginia Wesleyan College","2013","32482","44190","44190"
"234207","Washington and Lee University","2013","44507","58575","58575"
"234216","Sanford-Brown College-Tysons Corner","2013",,,
"244154","ITT Technical Institute-Westminster","2013","18048",,
"245731","Yeshiva and Kollel Harbotzas Torah","2013",,,
"245777","Bais Medrash Elyon","2013","7800","14600","14600"
"245865","Antioch University-New England","2013",,,
"245892","Antioch University-Midwest","2013",,,
"246789","Unification Theological Seminary","2013","24500","34620","34620"
"247162","Ecumenical Theological Seminary","2013",,,
"247649","Landmark College","2013","49630","64830","64830"
"247773","Yeshiva Gedolah of Greater Detroit","2013","6200","14400","14400"
"248934","ECPI University","2013","14245",,
"260813","Platt College-Aurora","2013","20536",,
"260901","Kaplan University-Davenport Campus","2013","13884",,
"260910","Kaplan University-Cedar Falls Campus","2013","15352",,
"261472","ITT Technical Institute-Troy","2013","18048",,
"261931","Skyline College-Roanoke","2013","14245",,
"365426","Mayo Graduate School","2013",,,
"366252","Pennsylvania College of Technology","2013","14940","30193","36433"
"366368","New York Academy of Art","2013",,,
"366580","ITT Technical Institute-Norwood","2013","18048",,
"366748","Argosy University-Hawaii","2013","14071",,
"366793","Baptist Theological Seminary at Richmond","2013",,,
"367024","Kaplan University-Des Moines Campus","2013","15352",,
"367194","McNally Smith College of Music","2013","25210","36660","36660"
"367839","Colorado Heights University","2013","5634","16366","16366"
"368601","ITT Technical Institute-Norfolk","2013","18048",,
"369002","Massachusetts School of Law","2013",,,
"369817","Bethel Seminary of the East","2013",,,
"369905","Bryant & Stratton College-Eastlake","2013","16565",,
"372958","Remington College-Honolulu Campus","2013","16950",,
"373827","New England School of Communications","2013","14104","25360","25360"
"374024","Adler Graduate School","2013",,,
"374972","Bryant & Stratton College-Southtowns","2013","16565",,
"375230","Yeshiva Gedolah Imrei Yosef D'spinka","2013","8000",,
"375489","Brown Mackie College-Findlay","2013","12114",,
"381352","Colorado School of Traditional Chinese Medicine","2013",,,
"381617","Baker College of Port Huron","2013","8100",,
"381787","Westwood College-Denver South","2013","13619",,
"384421","Rabbi Jacob Joseph School","2013","10900","18200","18200"
"402828","Widener University-Harrisburg Campus","2013",,,
"404073","Baker College of Auburn Hills","2013","8100",,
"404082","Baker College of Clinton Township","2013","8100",,
"404480","University System of Maryland-Research Centers","2013",,,
"404648","Baker College of Cadillac","2013","8100","20100","20100"
"405058","Yeshivas Novominsk","2013","9000","16500","16500"
"405854","Rabbinical College of Ohr Shimon Yisroel","2013","10900",,
"405988","University of Phoenix-Colorado Campus","2013","10240",,
"407285","Minnesota School of Business-Brooklyn Center","2013","14040",,
"407319","ITT Technical Institute-Omaha","2013","18048",,
"407629","Lake Erie College of Osteopathic Medicine","2013",,,
"409616","Roger Williams University School of Law","2013",,,
"413413","Capella University","2013","12348",,
"414160","Baker College of Jackson","2013","8100",,
"414595","Pacific College of Oriental Medicine-New York","2013","10848",,
"414708","Baker College Center for Graduate Studies","2013","10800",,
"418126","New York College of Health Professions","2013","13434",,
"419457","Argosy University-Washington DC","2013","13663",,
"420042","University of Phoenix-Hawaii Campus","2013","11215",,
"420325","Yeshiva D'monsey Rabbinical College","2013","5450","13550","13550"
"421018","University of Phoenix-Detroit Campus","2013","12400",,
"430087","Colorado Technical University-Greenwood Village","2013","11290",,
"430184","Strayer University-Maryland","2013","15495",,
"430379","ITT Technical Institute-Norwood","2013","18048",,
"430388","ITT Technical Institute-Strongsville","2013","18048",,
"430485","The Creative Center","2013","26700",,
"430810","New Hampshire Institute of Art","2013","22410","35060","35060"
"431594","Massachusetts General Hospital Dietetic Internship","2013",,,
"431983","Yeshiva of the Telshe Alumni","2013","8600","18000","18000"
"432199","DeVry College of New York","2013",,,
"432348","Appalachian School of Law","2013",,,
"432357","LIU Hudson at Westchester","2013",,,
"434034","National Labor College","2013","9528",,
"434414","Michigan Jewish Institute","2013","10700",,
"434937","Yeshiva College of the Nations Capital","2013","9400","17900","17900"
"434973","University of Phoenix-Maryland Campus","2013","10240",,
"436261","Southwest Acupuncture College-Boulder","2013",,,
"436377","Watson School of Biological Sciences at Cold Spring Harbor Laboratory","2013",,,
"436483","National American University-Bloomington","2013","12891",,
"436818","University of Connecticut-Tri-Campus","2013","10056",,
"436827","University of Connecticut-Avery Point","2013","10056",,
"436836","University of Connecticut-Stamford","2013","10066",,
"437051","ITT Technical Institute-Richmond","2013","18048",,
"437097","University of Management and Technology","2013","9450",,
"437343","DeVry University's Keller Graduate School of Management-Virginia","2013",,,
"438382","University of Phoenix-Southern Colorado Campus","2013","10102",,
"438416","University of Phoenix-West Michigan Campus","2013","11320",,
"438498","Stratford University","2013","15135",,
"438610","University of Phoenix-Philadelphia Campus","2013","10240",,
"438629","University of Phoenix-Pittsburgh Campus","2013","10240",,
"439136","ITT Technical Institute-Wilmington","2013","18048",,
"439288","Johnson & Wales University-Denver","2013","27456","41461","41461"
"439297","University of Phoenix-Cleveland Campus","2013","12400",,
"439330","DeVry University-Maryland","2013",,,
"439783","New York College of Traditional Chinese Medicine","2013",,,
"439817","Northeastern Seminary","2013",,,
"440004","Upper Valley Educators Institute","2013",,,
"440138","Antioch University-System Administration","2013",,,
"440341","The Art Institute of Washington","2013","17596","37126","37126"
"440396","New Saint Andrews College","2013","11200",,
"440411","Marlboro College-Graduate School","2013",,,
"440420","University of Phoenix-Boston Campus","2013","10240",,
"440466","University of Phoenix-Idaho Campus","2013","10840",,
"440536","DeVry University-Virginia","2013",,,
"440572","DeVry University's Keller Graduate School of Management-Ohio","2013",,,
"440590","DeVry University-Colorado","2013",,,
"440767","National American University-Brooklyn Center","2013","12891",,
"440794","Pillar College","2013","17204",,
"441308","University of the Rockies","2013",,,
"441478","National Graduate School of Quality Management","2013",,,
"441609","Yeshiva Shaarei Torah of Rockland","2013","9850","16150","16150"
"441955","ITT Technical Institute-Springfield","2013","18048",,
"441964","ITT Technical Institute-Chantilly","2013","18048",,
"441982","Franklin W Olin College of Engineering","2013","45156","61956","61956"
"442064","Won Institute of Graduate Studies","2013",,,
"442189","University of Phoenix-Northern Virginia Campus","2013","10240",,
"442338","ITT Technical Institute-Canton","2013","18048",,
"442356","Pennsylvania College of Health Sciences","2013","21502",,
"442392","Antioch University-PhD Program in Leadership and Change","2013",,,
"442578","Minnesota School of Business-Plymouth","2013","14040",,
"442639","University of the Potomac-VA Campus","2013","13434",,
"442806","Edward Via College of Osteopathic Medicine","2013",,,
"442824","DeVry University-Pennsylvania","2013",,,
"443456","University of Phoenix-Cincinnati Campus","2013",,,
"443535","ITT Technical Institute-Hilliard","2013","18048",,
"443702","Bexley Hall Episcopal Seminary","2013",,,
"443784","Strayer University-Pennsylvania","2013","15495",,
"443906","University of Phoenix-Columbus Ohio Campus","2013",,,
"443988","DeVry University's Keller Graduate School of Management-Pennsylvania","2013",,,
"444103","Byzantine Catholic Seminary of Saints Cyril and Methodius","2013",,,
"444158","Colorado Technical University-Online","2013","10531",,
"444167","Baker College of Allen Park","2013","8100",,
"444413","Beis Medrash Heichal Dovid","2013","8000","16500","16500"
"444699","Institute of Clinical Acupuncture & Oriental Med","2013",,,
"444723","Jones International University","2013","12720",,
"445081","ITT Technical Institute-Eden Prairie","2013","18048",,
"445124","International Academy of Design and Technology-Troy","2013","15247",,
"445300","University of Phoenix-Jersey City Campus","2013","10224",,
"445319","University of Phoenix-Minneapolis St Paul Campus","2013","12400",,
"445407","DeVry University-Minnesota","2013",,,
"445416","Kaplan University-Council Bluffs Campus","2013",,,
"445869","Institute for the Psychological Sciences","2013",,,
"445920","Minnesota School of Business-Waite Park","2013","14040",,
"445939","Minnesota School of Business-Shakopee","2013","14040",,
"446002","American Academy of Acupuncture and Oriental Medicine","2013",,,
"446394","Maple Springs Baptist Bible College and Seminary","2013","4590",,
"446604","Uta Mesivta of Kiryas Joel","2013","9000","18200","18200"
"446640","Harrisburg University of Science and Technology","2013","23900","37800","37800"
"446668","The Art Institute of Ohio-Cincinnati","2013","17391","31998","31998"
"446729","University of Phoenix-Des Moines Campus","2013","10240",,
"446756","University of Phoenix-Richmond-Virginia Beach Campus","2013","10222",,
"446914","ITT Technical Institute-Owings Mills","2013","18048",,
"446923","ITT Technical Institute-Warrensville Heights","2013","18048",,
"446932","Union Graduate College","2013",,,
"446978","Colorado State University-System Office","2013",,,
"447069","Westwood College-Arlington Ballston","2013","14645",,
"447670","Minnesota School of Business-Rochester","2013","14040",,
"448284","Doane College-Lincoln Grand Island and Master","2013","9065",,
"448479","ITT Technical Institute-Swartz Creek","2013","18048",,
"448497","ITT Technical Institute-Maumee","2013","18048",,
"448521","University of Phoenix-Omaha Campus","2013","10240",,
"448628","Westwood College-Annandale","2013","14704",,
"448691","International Institute for Restorative Practices","2013",,,
"448734","Argosy University-Denver","2013","13663",,
"448752","College America-Colorado Springs","2013","17211",,
"448761","College America-Fort Collins","2013","17211",,
"448804","The Robert B Miller College","2013",,,
"448822","University of Phoenix-Fairfield County Campus","2013","10240",,
"448831","University of Phoenix-Harrisburg Campus","2013","10240",,
"449579","Hawaii College of Oriental Medicine","2013",,,
"449658","Bais Medrash Toras Chesed","2013","8800","15000","15000"
"449922","Appalachian College of Pharmacy","2013",,,
"449931","Averett University-Non-Traditional Programs","2013",,,
"450508","DeVry University-Michigan","2013",,,
"450766","LIU Riverhead","2013",,,
"451370","Yeshivas Be'er Yitzchok","2013","10200",,
"451398","Yeshiva Toras Chaim","2013","11800","21200","21200"
"451404","Talmudical Seminary of Bobov","2013","7100",,
"451662","The Art Institute of Pittsburgh-Online Division","2013","17020",,
"451769","Minnesota School of Business-Blaine","2013","14040",,
"451796","The Art Institute of Michigan","2013","17488","32620","32620"
"451954","ITT Technical Institute-Clive","2013","18048",,
"451963","ITT Technical Institute-Columbus","2013","18048",,
"453215","Strayer University-New Jersey","2013","15495",,
"454184","The Kings College","2013","31300","48717","48717"
"454236","Chamberlain College of Nursing-Ohio","2013","17280",,
"454829","Aspen University","2013","6150",,
"454838","Institute of Taoist Education and Acupuncture","2013",,,
"454856","Denver School of Nursing","2013","15889",,
"455257","Yeshiva of Machzikai Hadas","2013","7300",,
"455585","Minnesota School of Business-Moorhead","2013","14040",,
"455600","Brown Mackie College-Boise","2013","12474",,
"455992","Vermont College of Fine Arts","2013",,,
"456010","The Art Institute of Washington-Dulles","2013","17596",,
"456542","The Commonwealth Medical College","2013",,,
"456667","Strayer University-Ohio","2013","15495",,
"456782","Minnesota School of Business-Elk River","2013","14040",,
"456834","Globe University-Minneapolis","2013","14040",,
"456959","University of Minnesota-Rochester","2013","13056","25318","25318"
"457022","Herzing University-Toledo","2013","10800",,
"457484","New Hope Christian College-Honolulu","2013","8760","22548","22548"
"458113","Bethel College","2013","8050",,
"458432","Harrison College-Grove City","2013","16740",,
"458496","The Art Institute of Virginia Beach","2013","17596","37744","37744"
"458511","Gerstner Sloan-Kettering Graduate School of Biomedical Sciences","2013",,,
"458742","Minnesota School of Business-Lakeville","2013","14040",,
"459107","Bryant & Stratton College-Hampton","2013","16565",,
"459259","South UniversityRichmond","2013","16360",,
"459268","South UniversityVirginia Beach","2013","16360",,
"459417","Compass College of Cinematic Arts","2013","13915",,
"459602","ITT Technical Institute-Salem","2013","18048",,
"459611","ITT Technical Institute-Akron","2013","18048",,
"459620","ITT Technical Institute-Cedar Rapids","2013","18048",,
"459675","ITT Technical Institute-Aurora","2013","18048",,
"459709","ITT Technical Institute-Dearborn","2013","18048",,
"460349","Johnson & Wales University-Online","2013",,,
"460738","American Sentinel University","2013","9725",,
"460871","Chamberlain College of Nursing-Virginia","2013","17280",,
"460899","Stevens-Henager College-Boise","2013","17116",,
"461847","Mesivta Keser Torah","2013","13400",,
"462044","Institute for Doctoral Studies in the Visual Arts","2013",,,
"462080","DeVry University's Keller Graduate School of Management-Maryland","2013",,,
"462114","DeVry College of New York's Keller Graduate School of Management","2013",,,
"462141","DeVry University's Keller Graduate School of Management-Colorado","2013",,,
"462150","DeVry University's Keller Graduate School of Management-Minnesota","2013",,,
"462196","DeVry University's Keller Graduate School of Management-Michigan","2013",,,
"462211","DeVry University's Keller Graduate School of Management-New Jersey","2013",,,
"462239","Lincoln College of New England-Hartford","2013",,,
"462372","ITT Technical Institute-Hanover","2013","18048",,
"466161","National American University-Centennial","2013","12531",,
"466189","National American University-Colorado Springs South","2013","12531",,
"467793","Broadview University-Boise","2013","13500",,
"468024","South University-Novi","2013","16360",,
"470870","ITT Technical Institute-Brooklyn Center","2013","18048",,
"474906","CollegeAmerica-Stevens Henager College","2013","16972",,
"475033","Relay Graduate School of Education","2013",,,
"475273","Springfield College-School of Human Services","2013",,,
"475291","Brown College-Brooklyn Center","2013","15970",,
"475510","Christie's Education","2013",,,
"475699","Bryant & Stratton College-Akron","2013","16565",,
"476319","CollegeAmerica-Colorado Springs South","2013","17211",,
"476601","Bais HaMedrash and Mesivta of Baltimore","2013","11500","20200","20200"
"476692","Yeshiva Gedolah Zichron Leyma","2013","11500","18200","18200"
"476717","Be'er Yaakov Talmudic Seminary","2013","7600","15700","15700"
"476975","Colorado State University-Global Campus","2013",,,
"477011","Strayer University-Minnesota","2013","15495",,
"477996","National American University-Bellevue","2013","12891",,
"478005","National American University-Burnsville","2013","12891",,
"479576","ITT Technical Institute-Grand Rapids","2013","18048",,
"479585","ITT Technical Institute-Southfield","2013","18048",,
"479956","Pennsylvania State University-World Campus","2013","13202",,
"480064","Kaplan University-Augusta Campus","2013","10710",,
"480082","South University-Cleveland","2013","16360",,
"480091","Bryant & Stratton College-Online","2013","13259",,
"480134","Elizabethtown College School of Continuing and Professional Studies","2013",,,
"480499","Shiloh University","2013","4500",,
"480709","Wadsworth Center-NY State Dept of Health","2013",,,
"480754","Manthano Christian College","2013","5100",,
"480790","Rocky Vista University","2013",,,
"481094","Sotheby's Institute of Art-NY","2013",,,
"481410","Yeshiva Gedolah Kesser Torah","2013","9600","17100","17100"
"481438","Yeshiva Yesodei Hatorah","2013","11000","19000","19000"
"482228","Virginia Baptist College","2013","4320","12071","12071"
"482343","National American University-Rochester","2013","12891",,
"482413","DeVry College of New York","2013","16010",,
"482440","DeVry University-Colorado","2013","16010",,
"482501","DeVry University-Maryland","2013","16010",,
"482510","DeVry University-Michigan","2013","16010",,
"482529","DeVry University-Minnesota","2013","16010",,
"482556","DeVry University-New Jersey","2013","16010",,
"482574","DeVry University-Ohio","2013","16010",,
"482608","DeVry University-Pennsylvania","2013","16010",,
"482653","DeVry University-Virginia","2013","16010",,
"482705","Northeastern University Global Network","2013",,,
"483018","Antioch College","2013","27505","38985","38985"
"483090","EDMC Central Administrative Office","2013",,,
